ID,Name,Specialty,Hospital,Location,Rating,ImageURL
1,Dr. Rajesh Rao,Oncologist,Aster Medcity Hospital,Chennai,4.7,https://img.freepik.com/free-photo/portrait-smiling-handsome-male-doctor-man_171337-5055.jpg
2,Dr. Rajesh Kumar,Internal Medicine,CMC Vellore Hospital,Chennai,4.6,https://img.freepik.com/free-photo/portrait-smiling-handsome-male-doctor-man_171337-5055.jpg
3,Dr. Anita George,Internal Medicine,KIMS Hospital,Coimbatore,4.5,https://img.freepik.com/free-photo/pleased-young-female-doctor-wearing-medical-robe-stethoscope-around-neck-standing-with-closed-posture_409827-254.jpg
4,Dr. Anand Krishnan,Internal Medicine,CMC Vellore Hospital,Chennai,4.7,https://img.freepik.com/free-photo/portrait-smiling-handsome-male-doctor-man_171337-5055.jpg
5,Dr. Divya Reddy,General Physician,MIOT Hospital,Hyderabad,4.6,https://img.freepik.com/free-photo/pleased-young-female-doctor-wearing-medical-robe-stethoscope-around-neck-standing-with-closed-posture_409827-254.jpg
6,Dr. Divya Rao,Internal Medicine,CMC Vellore Hospital,Hyderabad,4.6,https://img.freepik.com/free-photo/pleased-young-female-doctor-wearing-medical-robe-stethoscope-around-neck-standing-with-closed-posture_409827-254.jpg
7,Dr. Anand Nair,Internal Medicine,Apollo Hospital,Coimbatore,4.8,https://img.freepik.com/free-photo/portrait-smiling-handsome-male-doctor-man_171337-5055.jpg
8,Dr. Karthik Rao,Oncologist,KIMS Hospital,Coimbatore,4.7,https://img.freepik.com/free-photo/portrait-smiling-handsome-male-doctor-man_171337-5055.jpg
9,Dr. Divya George,General Physician,Fortis Hospital,Visakhapatnam,4.2,https://img.freepik.com/free-photo/pleased-young-female-doctor-wearing-medical-robe-stethoscope-around-neck-standing-with-closed-posture_409827-254.jpg
10,Dr. Arun Kumar,Internal Medicine,Aster Medcity Hospital,Hyderabad,4.8,https://img.freepik.com/free-photo/portrait-smiling-handsome-male-doctor-man_171337-5055.jpg
11,Dr. Rajesh Iyer,General Physician,Narayana Hrudayalaya Hospital,Coimbatore,4.3,https://img.freepik.com/free-photo/portrait-smiling-handsome-male-doctor-man_171337-5055.jpg
12,Dr. Swathi Patil,Thoracic Surgeon,Fortis Hospital,Bangalore,4.9,https://img.freepik.com/free-photo/pleased-young-female-doctor-wearing-medical-robe-stethoscope-around-neck-standing-with-closed-posture_409827-254.jpg
13,Dr. Vijay Iyer,Internal Medicine,Apollo Hospital,Kochi,5.0,https://img.freepik.com/free-photo/portrait-smiling-handsome-male-doctor-man_171337-5055.jpg
14,Dr. Rajesh Kumar,Pulmonologist,Fortis Hospital,Trivandrum,4.2,https://img.freepik.com/free-photo/portrait-smiling-handsome-male-doctor-man_171337-5055.jpg
15,Dr. Anita Iyer,Thoracic Surgeon,Aster Medcity Hospital,Coimbatore,4.9,https://img.freepik.com/free-photo/pleased-young-female-doctor-wearing-medical-robe-stethoscope-around-neck-standing-with-closed-posture_409827-254.jpg
16,Dr. Divya Swamy,Oncologist,Narayana Hrudayalaya Hospital,Hyderabad,4.6,https://img.freepik.com/free-photo/pleased-young-female-doctor-wearing-medical-robe-stethoscope-around-neck-standing-with-closed-posture_409827-254.jpg
17,Dr. Priya Krishnan,Oncologist,Yashoda Hospital,Kochi,4.7,https://img.freepik.com/free-photo/pleased-young-female-doctor-wearing-medical-robe-stethoscope-around-neck-standing-with-closed-posture_409827-254.jpg
18,Dr. Meera Patil,Oncologist,MIOT Hospital,Trivandrum,4.8,https://img.freepik.com/free-photo/pleased-young-female-doctor-wearing-medical-robe-stethoscope-around-neck-standing-with-closed-posture_409827-254.jpg
19,Dr. Anand George,Oncologist,Manipal Hospital,Coimbatore,5.0,https://img.freepik.com/free-photo/portrait-smiling-handsome-male-doctor-man_171337-5055.jpg
20,Dr. Swathi Patil,Internal Medicine,Yashoda Hospital,Madurai,4.3,https://img.freepik.com/free-photo/pleased-young-female-doctor-wearing-medical-robe-stethoscope-around-neck-standing-with-closed-posture_409827-254.jpg
21,Dr. Vijay Iyer,Internal Medicine,KIMS Hospital,Madurai,4.2,https://img.freepik.com/free-photo/portrait-smiling-handsome-male-doctor-man_171337-5055.jpg
22,Dr. Arun George,Thoracic Surgeon,CMC Vellore Hospital,Trivandrum,4.5,https://img.freepik.com/free-photo/portrait-smiling-handsome-male-doctor-man_171337-5055.jpg
23,Dr. Vijay Iyer,Internal Medicine,CMC Vellore Hospital,Kochi,4.4,https://img.freepik.com/free-photo/portrait-smiling-handsome-male-doctor-man_171337-5055.jpg
24,Dr. Anita Rao,Internal Medicine,Fortis Hospital,Kochi,4.7,https://img.freepik.com/free-photo/pleased-young-female-doctor-wearing-medical-robe-stethoscope-around-neck-standing-with-closed-posture_409827-254.jpg
25,Dr. Priya Nair,General Physician,CMC Vellore Hospital,Coimbatore,4.9,https://img.freepik.com/free-photo/pleased-young-female-doctor-wearing-medical-robe-stethoscope-around-neck-standing-with-closed-posture_409827-254.jpg
26,Dr. Karthik Kumar,Oncologist,Manipal Hospital,Madurai,4.7,https://img.freepik.com/free-photo/portrait-smiling-handsome-male-doctor-man_171337-5055.jpg
27,Dr. Meera Patil,Oncologist,Apollo Hospital,Visakhapatnam,4.7,https://img.freepik.com/free-photo/pleased-young-female-doctor-wearing-medical-robe-stethoscope-around-neck-standing-with-closed-posture_409827-254.jpg
28,Dr. Anita Swamy,Internal Medicine,Manipal Hospital,Trivandrum,4.8,https://img.freepik.com/free-photo/pleased-young-female-doctor-wearing-medical-robe-stethoscope-around-neck-standing-with-closed-posture_409827-254.jpg
29,Dr. Arun Kumar,General Physician,MIOT Hospital,Coimbatore,4.5,https://img.freepik.com/free-photo/portrait-smiling-handsome-male-doctor-man_171337-5055.jpg
30,Dr. Swathi Nair,Thoracic Surgeon,CMC Vellore Hospital,Chennai,4.9,https://img.freepik.com/free-photo/pleased-young-female-doctor-wearing-medical-robe-stethoscope-around-neck-standing-with-closed-posture_409827-254.jpg
31,Dr. Vijay Menon,Pulmonologist,MIOT Hospital,Kochi,4.8,https://img.freepik.com/free-photo/portrait-smiling-handsome-male-doctor-man_171337-5055.jpg
32,Dr. Arun Swamy,Thoracic Surgeon,Narayana Hrudayalaya Hospital,Chennai,4.4,https://img.freepik.com/free-photo/portrait-smiling-handsome-male-doctor-man_171337-5055.jpg
33,Dr. Anand Patil,General Physician,Manipal Hospital,Trivandrum,4.7,https://img.freepik.com/free-photo/portrait-smiling-handsome-male-doctor-man_171337-5055.jpg
34,Dr. Swathi Patil,Thoracic Surgeon,Apollo Hospital,Visakhapatnam,4.3,https://img.freepik.com/free-photo/pleased-young-female-doctor-wearing-medical-robe-stethoscope-around-neck-standing-with-closed-posture_409827-254.jpg
35,Dr. Anand Swamy,Thoracic Surgeon,Apollo Hospital,Coimbatore,4.8,https://img.freepik.com/free-photo/portrait-smiling-handsome-male-doctor-man_171337-5055.jpg
36,Dr. Vijay Krishnan,Internal Medicine,CMC Vellore Hospital,Bangalore,4.6,https://img.freepik.com/free-photo/portrait-smiling-handsome-male-doctor-man_171337-5055.jpg
37,Dr. Priya Kumar,Pulmonologist,CMC Vellore Hospital,Chennai,4.3,https://img.freepik.com/free-photo/pleased-young-female-doctor-wearing-medical-robe-stethoscope-around-neck-standing-with-closed-posture_409827-254.jpg
38,Dr. Anand Menon,Oncologist,Yashoda Hospital,Bangalore,4.6,https://img.freepik.com/free-photo/portrait-smiling-handsome-male-doctor-man_171337-5055.jpg
39,Dr. Karthik Kumar,Pulmonologist,Fortis Hospital,Trivandrum,4.3,https://img.freepik.com/free-photo/portrait-smiling-handsome-male-doctor-man_171337-5055.jpg
40,Dr. Divya Patil,Internal Medicine,Apollo Hospital,Kochi,4.7,https://img.freepik.com/free-photo/pleased-young-female-doctor-wearing-medical-robe-stethoscope-around-neck-standing-with-closed-posture_409827-254.jpg
41,Dr. Anand Iyer,Pulmonologist,Yashoda Hospital,Kochi,5.0,https://img.freepik.com/free-photo/portrait-smiling-handsome-male-doctor-man_171337-5055.jpg
42,Dr. Divya Menon,Pulmonologist,Fortis Hospital,Coimbatore,4.8,https://img.freepik.com/free-photo/pleased-young-female-doctor-wearing-medical-robe-stethoscope-around-neck-standing-with-closed-posture_409827-254.jpg
43,Dr. Priya Patil,Oncologist,Yashoda Hospital,Chennai,4.6,https://img.freepik.com/free-photo/pleased-young-female-doctor-wearing-medical-robe-stethoscope-around-neck-standing-with-closed-posture_409827-254.jpg
44,Dr. Divya Kumar,Pulmonologist,MIOT Hospital,Madurai,4.7,https://img.freepik.com/free-photo/pleased-young-female-doctor-wearing-medical-robe-stethoscope-around-neck-standing-with-closed-posture_409827-254.jpg
45,Dr. Karthik Krishnan,Pulmonologist,Manipal Hospital,Bangalore,4.6,https://img.freepik.com/free-photo/portrait-smiling-handsome-male-doctor-man_171337-5055.jpg
46,Dr. Anand Rao,Thoracic Surgeon,Manipal Hospital,Hyderabad,4.4,https://img.freepik.com/free-photo/portrait-smiling-handsome-male-doctor-man_171337-5055.jpg
47,Dr. Divya George,Thoracic Surgeon,Narayana Hrudayalaya Hospital,Chennai,4.7,https://img.freepik.com/free-photo/pleased-young-female-doctor-wearing-medical-robe-stethoscope-around-neck-standing-with-closed-posture_409827-254.jpg
48,Dr. Meera Nair,Thoracic Surgeon,MIOT Hospital,Hyderabad,5.0,https://img.freepik.com/free-photo/pleased-young-female-doctor-wearing-medical-robe-stethoscope-around-neck-standing-with-closed-posture_409827-254.jpg
49,Dr. Priya George,General Physician,Aster Medcity Hospital,Coimbatore,4.6,https://img.freepik.com/free-photo/pleased-young-female-doctor-wearing-medical-robe-stethoscope-around-neck-standing-with-closed-posture_409827-254.jpg
50,Dr. Swathi Menon,Internal Medicine,Narayana Hrudayalaya Hospital,Coimbatore,5.0,https://img.freepik.com/free-photo/pleased-young-female-doctor-wearing-medical-robe-stethoscope-around-neck-standing-with-closed-posture_409827-254.jpg
51,Dr. Swathi Reddy,Thoracic Surgeon,Yashoda Hospital,Coimbatore,4.4,https://img.freepik.com/free-photo/pleased-young-female-doctor-wearing-medical-robe-stethoscope-around-neck-standing-with-closed-posture_409827-254.jpg
52,Dr. Rajesh Rao,General Physician,MIOT Hospital,Madurai,4.5,https://img.freepik.com/free-photo/portrait-smiling-handsome-male-doctor-man_171337-5055.jpg
53,Dr. Priya Krishnan,General Physician,Manipal Hospital,Coimbatore,4.3,https://img.freepik.com/free-photo/pleased-young-female-doctor-wearing-medical-robe-stethoscope-around-neck-standing-with-closed-posture_409827-254.jpg
54,Dr. Anita Menon,Oncologist,Yashoda Hospital,Hyderabad,4.4,https://img.freepik.com/free-photo/pleased-young-female-doctor-wearing-medical-robe-stethoscope-around-neck-standing-with-closed-posture_409827-254.jpg
55,Dr. Meera Rao,Thoracic Surgeon,Narayana Hrudayalaya Hospital,Trivandrum,4.7,https://img.freepik.com/free-photo/pleased-young-female-doctor-wearing-medical-robe-stethoscope-around-neck-standing-with-closed-posture_409827-254.jpg
56,Dr. Anita Rao,Thoracic Surgeon,Manipal Hospital,Hyderabad,4.6,https://img.freepik.com/free-photo/pleased-young-female-doctor-wearing-medical-robe-stethoscope-around-neck-standing-with-closed-posture_409827-254.jpg
57,Dr. Anita Nair,Internal Medicine,Narayana Hrudayalaya Hospital,Chennai,4.7,https://img.freepik.com/free-photo/pleased-young-female-doctor-wearing-medical-robe-stethoscope-around-neck-standing-with-closed-posture_409827-254.jpg
58,Dr. Anand Kumar,Thoracic Surgeon,Manipal Hospital,Hyderabad,4.2,https://img.freepik.com/free-photo/portrait-smiling-handsome-male-doctor-man_171337-5055.jpg
59,Dr. Swathi Reddy,Internal Medicine,Fortis Hospital,Hyderabad,4.6,https://img.freepik.com/free-photo/pleased-young-female-doctor-wearing-medical-robe-stethoscope-around-neck-standing-with-closed-posture_409827-254.jpg
60,Dr. Anand Iyer,General Physician,Manipal Hospital,Trivandrum,4.9,https://img.freepik.com/free-photo/portrait-smiling-handsome-male-doctor-man_171337-5055.jpg
61,Dr. Rajesh George,Pulmonologist,Aster Medcity Hospital,Kochi,4.7,https://img.freepik.com/free-photo/portrait-smiling-handsome-male-doctor-man_171337-5055.jpg
62,Dr. Arun Rao,Thoracic Surgeon,Yashoda Hospital,Madurai,4.8,https://img.freepik.com/free-photo/portrait-smiling-handsome-male-doctor-man_171337-5055.jpg
63,Dr. Rajesh Patil,General Physician,Aster Medcity Hospital,Chennai,4.3,https://img.freepik.com/free-photo/portrait-smiling-handsome-male-doctor-man_171337-5055.jpg
64,Dr. Swathi Nair,Pulmonologist,Manipal Hospital,Hyderabad,4.3,https://img.freepik.com/free-photo/pleased-young-female-doctor-wearing-medical-robe-stethoscope-around-neck-standing-with-closed-posture_409827-254.jpg
65,Dr. Swathi Swamy,Oncologist,Narayana Hrudayalaya Hospital,Visakhapatnam,4.7,https://img.freepik.com/free-photo/pleased-young-female-doctor-wearing-medical-robe-stethoscope-around-neck-standing-with-closed-posture_409827-254.jpg
66,Dr. Divya Nair,Oncologist,CMC Vellore Hospital,Chennai,4.3,https://img.freepik.com/free-photo/pleased-young-female-doctor-wearing-medical-robe-stethoscope-around-neck-standing-with-closed-posture_409827-254.jpg
67,Dr. Rajesh Krishnan,Oncologist,Aster Medcity Hospital,Madurai,4.9,https://img.freepik.com/free-photo/portrait-smiling-handsome-male-doctor-man_171337-5055.jpg
68,Dr. Priya Krishnan,Thoracic Surgeon,KIMS Hospital,Bangalore,5.0,https://img.freepik.com/free-photo/pleased-young-female-doctor-wearing-medical-robe-stethoscope-around-neck-standing-with-closed-posture_409827-254.jpg
69,Dr. Priya George,Pulmonologist,Apollo Hospital,Bangalore,4.3,https://img.freepik.com/free-photo/pleased-young-female-doctor-wearing-medical-robe-stethoscope-around-neck-standing-with-closed-posture_409827-254.jpg
70,Dr. Vijay Kumar,Pulmonologist,MIOT Hospital,Madurai,4.6,https://img.freepik.com/free-photo/portrait-smiling-handsome-male-doctor-man_171337-5055.jpg
71,Dr. Meera Swamy,Internal Medicine,MIOT Hospital,Kochi,4.3,https://img.freepik.com/free-photo/pleased-young-female-doctor-wearing-medical-robe-stethoscope-around-neck-standing-with-closed-posture_409827-254.jpg
72,Dr. Vijay Rao,General Physician,CMC Vellore Hospital,Bangalore,4.4,https://img.freepik.com/free-photo/portrait-smiling-handsome-male-doctor-man_171337-5055.jpg
73,Dr. Divya Iyer,Thoracic Surgeon,Yashoda Hospital,Kochi,4.7,https://img.freepik.com/free-photo/pleased-young-female-doctor-wearing-medical-robe-stethoscope-around-neck-standing-with-closed-posture_409827-254.jpg
74,Dr. Anand Krishnan,General Physician,Manipal Hospital,Kochi,4.9,https://img.freepik.com/free-photo/portrait-smiling-handsome-male-doctor-man_171337-5055.jpg
75,Dr. Divya Swamy,General Physician,MIOT Hospital,Chennai,4.5,https://img.freepik.com/free-photo/pleased-young-female-doctor-wearing-medical-robe-stethoscope-around-neck-standing-with-closed-posture_409827-254.jpg
76,Dr. Rajesh Krishnan,General Physician,Aster Medcity Hospital,Visakhapatnam,4.5,https://img.freepik.com/free-photo/portrait-smiling-handsome-male-doctor-man_171337-5055.jpg
77,Dr. Anand Rao,Internal Medicine,Apollo Hospital,Bangalore,4.6,https://img.freepik.com/free-photo/portrait-smiling-handsome-male-doctor-man_171337-5055.jpg
78,Dr. Priya Reddy,Oncologist,Manipal Hospital,Visakhapatnam,4.4,https://img.freepik.com/free-photo/pleased-young-female-doctor-wearing-medical-robe-stethoscope-around-neck-standing-with-closed-posture_409827-254.jpg
79,Dr. Meera Menon,Pulmonologist,MIOT Hospital,Trivandrum,4.7,https://img.freepik.com/free-photo/pleased-young-female-doctor-wearing-medical-robe-stethoscope-around-neck-standing-with-closed-posture_409827-254.jpg
80,Dr. Swathi Swamy,Oncologist,Apollo Hospital,Madurai,4.6,https://img.freepik.com/free-photo/pleased-young-female-doctor-wearing-medical-robe-stethoscope-around-neck-standing-with-closed-posture_409827-254.jpg
81,Dr. Rajesh Swamy,Oncologist,KIMS Hospital,Madurai,4.9,https://img.freepik.com/free-photo/portrait-smiling-handsome-male-doctor-man_171337-5055.jpg
82,Dr. Divya Rao,Internal Medicine,MIOT Hospital,Visakhapatnam,4.3,https://img.freepik.com/free-photo/pleased-young-female-doctor-wearing-medical-robe-stethoscope-around-neck-standing-with-closed-posture_409827-254.jpg
83,Dr. Vijay Menon,Pulmonologist,Yashoda Hospital,Trivandrum,4.7,https://img.freepik.com/free-photo/portrait-smiling-handsome-male-doctor-man_171337-5055.jpg
84,Dr. Divya George,Oncologist,Apollo Hospital,Coimbatore,4.7,https://img.freepik.com/free-photo/pleased-young-female-doctor-wearing-medical-robe-stethoscope-around-neck-standing-with-closed-posture_409827-254.jpg
85,Dr. Anand Reddy,Thoracic Surgeon,CMC Vellore Hospital,Madurai,4.5,https://img.freepik.com/free-photo/portrait-smiling-handsome-male-doctor-man_171337-5055.jpg
86,Dr. Swathi Patil,Thoracic Surgeon,KIMS Hospital,Chennai,4.9,https://img.freepik.com/free-photo/pleased-young-female-doctor-wearing-medical-robe-stethoscope-around-neck-standing-with-closed-posture_409827-254.jpg
87,Dr. Priya Kumar,Thoracic Surgeon,Manipal Hospital,Visakhapatnam,4.8,https://img.freepik.com/free-photo/pleased-young-female-doctor-wearing-medical-robe-stethoscope-around-neck-standing-with-closed-posture_409827-254.jpg
88,Dr. Swathi Reddy,Thoracic Surgeon,Manipal Hospital,Visakhapatnam,4.6,https://img.freepik.com/free-photo/pleased-young-female-doctor-wearing-medical-robe-stethoscope-around-neck-standing-with-closed-posture_409827-254.jpg
89,Dr. Vijay Swamy,Thoracic Surgeon,MIOT Hospital,Madurai,4.5,https://img.freepik.com/free-photo/portrait-smiling-handsome-male-doctor-man_171337-5055.jpg
90,Dr. Karthik Reddy,General Physician,Fortis Hospital,Madurai,4.6,https://img.freepik.com/free-photo/portrait-smiling-handsome-male-doctor-man_171337-5055.jpg
91,Dr. Karthik Reddy,Internal Medicine,Yashoda Hospital,Coimbatore,4.4,https://img.freepik.com/free-photo/portrait-smiling-handsome-male-doctor-man_171337-5055.jpg
92,Dr. Divya Patil,Pulmonologist,Apollo Hospital,Coimbatore,4.6,https://img.freepik.com/free-photo/pleased-young-female-doctor-wearing-medical-robe-stethoscope-around-neck-standing-with-closed-posture_409827-254.jpg
93,Dr. Rajesh Rao,Thoracic Surgeon,Yashoda Hospital,Kochi,4.5,https://img.freepik.com/free-photo/portrait-smiling-handsome-male-doctor-man_171337-5055.jpg
94,Dr. Divya Rao,Oncologist,Apollo Hospital,Trivandrum,4.3,https://img.freepik.com/free-photo/pleased-young-female-doctor-wearing-medical-robe-stethoscope-around-neck-standing-with-closed-posture_409827-254.jpg
95,Dr. Meera Rao,Thoracic Surgeon,CMC Vellore Hospital,Kochi,4.3,https://img.freepik.com/free-photo/pleased-young-female-doctor-wearing-medical-robe-stethoscope-around-neck-standing-with-closed-posture_409827-254.jpg
96,Dr. Rajesh George,Pulmonologist,Apollo Hospital,Bangalore,4.3,https://img.freepik.com/free-photo/portrait-smiling-handsome-male-doctor-man_171337-5055.jpg
97,Dr. Priya Kumar,General Physician,Aster Medcity Hospital,Bangalore,4.8,https://img.freepik.com/free-photo/pleased-young-female-doctor-wearing-medical-robe-stethoscope-around-neck-standing-with-closed-posture_409827-254.jpg
98,Dr. Meera Iyer,Thoracic Surgeon,Apollo Hospital,Visakhapatnam,4.6,https://img.freepik.com/free-photo/pleased-young-female-doctor-wearing-medical-robe-stethoscope-around-neck-standing-with-closed-posture_409827-254.jpg
99,Dr. Rajesh Swamy,Pulmonologist,Narayana Hrudayalaya Hospital,Trivandrum,4.6,https://img.freepik.com/free-photo/portrait-smiling-handsome-male-doctor-man_171337-5055.jpg
100,Dr. Rajesh Krishnan,Oncologist,CMC Vellore Hospital,Chennai,4.8,https://img.freepik.com/free-photo/portrait-smiling-handsome-male-doctor-man_171337-5055.jpg
101,Dr. Vijay Nair,General Physician,KIMS Hospital,Hyderabad,4.4,https://img.freepik.com/free-photo/portrait-smiling-handsome-male-doctor-man_171337-5055.jpg
102,Dr. Swathi Nair,Internal Medicine,Aster Medcity Hospital,Visakhapatnam,4.2,https://img.freepik.com/free-photo/pleased-young-female-doctor-wearing-medical-robe-stethoscope-around-neck-standing-with-closed-posture_409827-254.jpg
103,Dr. Anita Reddy,Oncologist,KIMS Hospital,Hyderabad,4.7,https://img.freepik.com/free-photo/pleased-young-female-doctor-wearing-medical-robe-stethoscope-around-neck-standing-with-closed-posture_409827-254.jpg
104,Dr. Swathi Krishnan,Oncologist,KIMS Hospital,Madurai,4.2,https://img.freepik.com/free-photo/pleased-young-female-doctor-wearing-medical-robe-stethoscope-around-neck-standing-with-closed-posture_409827-254.jpg
105,Dr. Vijay Reddy,Oncologist,Aster Medcity Hospital,Hyderabad,4.9,https://img.freepik.com/free-photo/portrait-smiling-handsome-male-doctor-man_171337-5055.jpg
106,Dr. Arun Rao,Oncologist,MIOT Hospital,Trivandrum,4.8,https://img.freepik.com/free-photo/portrait-smiling-handsome-male-doctor-man_171337-5055.jpg
107,Dr. Karthik Patil,Internal Medicine,Aster Medcity Hospital,Visakhapatnam,4.7,https://img.freepik.com/free-photo/portrait-smiling-handsome-male-doctor-man_171337-5055.jpg
108,Dr. Swathi Swamy,Thoracic Surgeon,Manipal Hospital,Kochi,4.7,https://img.freepik.com/free-photo/pleased-young-female-doctor-wearing-medical-robe-stethoscope-around-neck-standing-with-closed-posture_409827-254.jpg
109,Dr. Rajesh George,Oncologist,Manipal Hospital,Trivandrum,4.7,https://img.freepik.com/free-photo/portrait-smiling-handsome-male-doctor-man_171337-5055.jpg
110,Dr. Anand Swamy,General Physician,Narayana Hrudayalaya Hospital,Bangalore,4.4,https://img.freepik.com/free-photo/portrait-smiling-handsome-male-doctor-man_171337-5055.jpg
111,Dr. Divya Nair,Thoracic Surgeon,Yashoda Hospital,Trivandrum,4.5,https://img.freepik.com/free-photo/pleased-young-female-doctor-wearing-medical-robe-stethoscope-around-neck-standing-with-closed-posture_409827-254.jpg
112,Dr. Anand George,General Physician,Manipal Hospital,Bangalore,4.6,https://img.freepik.com/free-photo/portrait-smiling-handsome-male-doctor-man_171337-5055.jpg
113,Dr. Anand Reddy,Pulmonologist,KIMS Hospital,Trivandrum,4.3,https://img.freepik.com/free-photo/portrait-smiling-handsome-male-doctor-man_171337-5055.jpg
114,Dr. Anita Menon,Thoracic Surgeon,CMC Vellore Hospital,Bangalore,4.4,https://img.freepik.com/free-photo/pleased-young-female-doctor-wearing-medical-robe-stethoscope-around-neck-standing-with-closed-posture_409827-254.jpg
115,Dr. Swathi George,Thoracic Surgeon,Manipal Hospital,Trivandrum,4.3,https://img.freepik.com/free-photo/pleased-young-female-doctor-wearing-medical-robe-stethoscope-around-neck-standing-with-closed-posture_409827-254.jpg
116,Dr. Rajesh Swamy,Oncologist,Yashoda Hospital,Chennai,4.6,https://img.freepik.com/free-photo/portrait-smiling-handsome-male-doctor-man_171337-5055.jpg
117,Dr. Anita Krishnan,General Physician,CMC Vellore Hospital,Madurai,4.6,https://img.freepik.com/free-photo/pleased-young-female-doctor-wearing-medical-robe-stethoscope-around-neck-standing-with-closed-posture_409827-254.jpg
118,Dr. Arun Rao,Thoracic Surgeon,Aster Medcity Hospital,Chennai,4.2,https://img.freepik.com/free-photo/portrait-smiling-handsome-male-doctor-man_171337-5055.jpg
119,Dr. Meera Swamy,Internal Medicine,MIOT Hospital,Madurai,4.7,https://img.freepik.com/free-photo/pleased-young-female-doctor-wearing-medical-robe-stethoscope-around-neck-standing-with-closed-posture_409827-254.jpg
120,Dr. Arun Nair,Internal Medicine,KIMS Hospital,Chennai,4.6,https://img.freepik.com/free-photo/portrait-smiling-handsome-male-doctor-man_171337-5055.jpg
121,Dr. Anita Iyer,Internal Medicine,Yashoda Hospital,Kochi,4.4,https://img.freepik.com/free-photo/pleased-young-female-doctor-wearing-medical-robe-stethoscope-around-neck-standing-with-closed-posture_409827-254.jpg
122,Dr. Karthik Rao,Pulmonologist,Narayana Hrudayalaya Hospital,Kochi,4.4,https://img.freepik.com/free-photo/portrait-smiling-handsome-male-doctor-man_171337-5055.jpg
123,Dr. Rajesh Patil,Oncologist,Narayana Hrudayalaya Hospital,Kochi,4.7,https://img.freepik.com/free-photo/portrait-smiling-handsome-male-doctor-man_171337-5055.jpg
124,Dr. Divya Menon,Internal Medicine,Fortis Hospital,Madurai,4.9,https://img.freepik.com/free-photo/pleased-young-female-doctor-wearing-medical-robe-stethoscope-around-neck-standing-with-closed-posture_409827-254.jpg
125,Dr. Priya Swamy,Internal Medicine,Yashoda Hospital,Kochi,4.4,https://img.freepik.com/free-photo/pleased-young-female-doctor-wearing-medical-robe-stethoscope-around-neck-standing-with-closed-posture_409827-254.jpg
126,Dr. Anand Iyer,Internal Medicine,Apollo Hospital,Chennai,4.4,https://img.freepik.com/free-photo/portrait-smiling-handsome-male-doctor-man_171337-5055.jpg
127,Dr. Swathi Nair,Oncologist,Manipal Hospital,Hyderabad,4.6,https://img.freepik.com/free-photo/pleased-young-female-doctor-wearing-medical-robe-stethoscope-around-neck-standing-with-closed-posture_409827-254.jpg
128,Dr. Arun Reddy,Pulmonologist,Yashoda Hospital,Kochi,4.8,https://img.freepik.com/free-photo/portrait-smiling-handsome-male-doctor-man_171337-5055.jpg
129,Dr. Arun Menon,General Physician,Narayana Hrudayalaya Hospital,Trivandrum,4.8,https://img.freepik.com/free-photo/portrait-smiling-handsome-male-doctor-man_171337-5055.jpg
130,Dr. Rajesh Reddy,Pulmonologist,MIOT Hospital,Coimbatore,4.4,https://img.freepik.com/free-photo/portrait-smiling-handsome-male-doctor-man_171337-5055.jpg
131,Dr. Karthik Patil,Pulmonologist,Manipal Hospital,Kochi,4.4,https://img.freepik.com/free-photo/portrait-smiling-handsome-male-doctor-man_171337-5055.jpg
132,Dr. Vijay Iyer,Internal Medicine,Manipal Hospital,Visakhapatnam,4.6,https://img.freepik.com/free-photo/portrait-smiling-handsome-male-doctor-man_171337-5055.jpg
133,Dr. Swathi Menon,Oncologist,Manipal Hospital,Hyderabad,4.3,https://img.freepik.com/free-photo/pleased-young-female-doctor-wearing-medical-robe-stethoscope-around-neck-standing-with-closed-posture_409827-254.jpg
134,Dr. Arun Krishnan,General Physician,KIMS Hospital,Bangalore,4.8,https://img.freepik.com/free-photo/portrait-smiling-handsome-male-doctor-man_171337-5055.jpg
135,Dr. Priya Patil,Pulmonologist,Yashoda Hospital,Trivandrum,4.8,https://img.freepik.com/free-photo/pleased-young-female-doctor-wearing-medical-robe-stethoscope-around-neck-standing-with-closed-posture_409827-254.jpg
136,Dr. Karthik Patil,Internal Medicine,Apollo Hospital,Hyderabad,4.9,https://img.freepik.com/free-photo/portrait-smiling-handsome-male-doctor-man_171337-5055.jpg
137,Dr. Anand Iyer,General Physician,CMC Vellore Hospital,Madurai,4.9,https://img.freepik.com/free-photo/portrait-smiling-handsome-male-doctor-man_171337-5055.jpg
138,Dr. Meera Rao,Internal Medicine,MIOT Hospital,Bangalore,4.5,https://img.freepik.com/free-photo/pleased-young-female-doctor-wearing-medical-robe-stethoscope-around-neck-standing-with-closed-posture_409827-254.jpg
139,Dr. Priya Nair,Internal Medicine,KIMS Hospital,Visakhapatnam,4.9,https://img.freepik.com/free-photo/pleased-young-female-doctor-wearing-medical-robe-stethoscope-around-neck-standing-with-closed-posture_409827-254.jpg
140,Dr. Arun Krishnan,Oncologist,Fortis Hospital,Kochi,4.3,https://img.freepik.com/free-photo/portrait-smiling-handsome-male-doctor-man_171337-5055.jpg
141,Dr. Priya Rao,General Physician,KIMS Hospital,Bangalore,4.6,https://img.freepik.com/free-photo/pleased-young-female-doctor-wearing-medical-robe-stethoscope-around-neck-standing-with-closed-posture_409827-254.jpg
142,Dr. Priya Iyer,Internal Medicine,Narayana Hrudayalaya Hospital,Chennai,4.3,https://img.freepik.com/free-photo/pleased-young-female-doctor-wearing-medical-robe-stethoscope-around-neck-standing-with-closed-posture_409827-254.jpg
143,Dr. Anand Iyer,Pulmonologist,Aster Medcity Hospital,Trivandrum,4.8,https://img.freepik.com/free-photo/portrait-smiling-handsome-male-doctor-man_171337-5055.jpg
144,Dr. Anita Reddy,Pulmonologist,Aster Medcity Hospital,Hyderabad,4.7,https://img.freepik.com/free-photo/pleased-young-female-doctor-wearing-medical-robe-stethoscope-around-neck-standing-with-closed-posture_409827-254.jpg
145,Dr. Priya George,Pulmonologist,Manipal Hospital,Bangalore,4.3,https://img.freepik.com/free-photo/pleased-young-female-doctor-wearing-medical-robe-stethoscope-around-neck-standing-with-closed-posture_409827-254.jpg
146,Dr. Anand Nair,Thoracic Surgeon,Fortis Hospital,Visakhapatnam,4.5,https://img.freepik.com/free-photo/portrait-smiling-handsome-male-doctor-man_171337-5055.jpg
147,Dr. Arun Reddy,Pulmonologist,Aster Medcity Hospital,Visakhapatnam,4.8,https://img.freepik.com/free-photo/portrait-smiling-handsome-male-doctor-man_171337-5055.jpg
148,Dr. Priya Kumar,Pulmonologist,CMC Vellore Hospital,Trivandrum,4.7,https://img.freepik.com/free-photo/pleased-young-female-doctor-wearing-medical-robe-stethoscope-around-neck-standing-with-closed-posture_409827-254.jpg
149,Dr. Anita Rao,Thoracic Surgeon,KIMS Hospital,Coimbatore,4.8,https://img.freepik.com/free-photo/pleased-young-female-doctor-wearing-medical-robe-stethoscope-around-neck-standing-with-closed-posture_409827-254.jpg
150,Dr. Anand Patil,Internal Medicine,Fortis Hospital,Hyderabad,4.9,https://img.freepik.com/free-photo/portrait-smiling-handsome-male-doctor-man_171337-5055.jpg
151,Dr. Swathi Kumar,Oncologist,Narayana Hrudayalaya Hospital,Madurai,4.7,https://img.freepik.com/free-photo/pleased-young-female-doctor-wearing-medical-robe-stethoscope-around-neck-standing-with-closed-posture_409827-254.jpg
152,Dr. Priya Menon,Internal Medicine,KIMS Hospital,Kochi,4.4,https://img.freepik.com/free-photo/pleased-young-female-doctor-wearing-medical-robe-stethoscope-around-neck-standing-with-closed-posture_409827-254.jpg
153,Dr. Swathi Nair,Pulmonologist,Apollo Hospital,Visakhapatnam,4.9,https://img.freepik.com/free-photo/pleased-young-female-doctor-wearing-medical-robe-stethoscope-around-neck-standing-with-closed-posture_409827-254.jpg
154,Dr. Anand Iyer,Oncologist,MIOT Hospital,Visakhapatnam,4.6,https://img.freepik.com/free-photo/portrait-smiling-handsome-male-doctor-man_171337-5055.jpg
155,Dr. Rajesh Iyer,Pulmonologist,Apollo Hospital,Coimbatore,4.4,https://img.freepik.com/free-photo/portrait-smiling-handsome-male-doctor-man_171337-5055.jpg
156,Dr. Karthik Krishnan,Internal Medicine,Apollo Hospital,Visakhapatnam,4.8,https://img.freepik.com/free-photo/portrait-smiling-handsome-male-doctor-man_171337-5055.jpg
157,Dr. Rajesh Nair,General Physician,Fortis Hospital,Visakhapatnam,4.4,https://img.freepik.com/free-photo/portrait-smiling-handsome-male-doctor-man_171337-5055.jpg
158,Dr. Anand Menon,Pulmonologist,Yashoda Hospital,Coimbatore,4.3,https://img.freepik.com/free-photo/portrait-smiling-handsome-male-doctor-man_171337-5055.jpg
159,Dr. Divya Kumar,Internal Medicine,MIOT Hospital,Visakhapatnam,4.4,https://img.freepik.com/free-photo/pleased-young-female-doctor-wearing-medical-robe-stethoscope-around-neck-standing-with-closed-posture_409827-254.jpg
160,Dr. Arun Patil,Thoracic Surgeon,Aster Medcity Hospital,Trivandrum,4.6,https://img.freepik.com/free-photo/portrait-smiling-handsome-male-doctor-man_171337-5055.jpg
161,Dr. Priya Rao,Oncologist,KIMS Hospital,Kochi,4.2,https://img.freepik.com/free-photo/pleased-young-female-doctor-wearing-medical-robe-stethoscope-around-neck-standing-with-closed-posture_409827-254.jpg
162,Dr. Vijay Reddy,Internal Medicine,Narayana Hrudayalaya Hospital,Coimbatore,4.5,https://img.freepik.com/free-photo/portrait-smiling-handsome-male-doctor-man_171337-5055.jpg
163,Dr. Meera George,Internal Medicine,Fortis Hospital,Visakhapatnam,4.3,https://img.freepik.com/free-photo/pleased-young-female-doctor-wearing-medical-robe-stethoscope-around-neck-standing-with-closed-posture_409827-254.jpg
164,Dr. Rajesh Kumar,General Physician,Fortis Hospital,Visakhapatnam,4.6,https://img.freepik.com/free-photo/portrait-smiling-handsome-male-doctor-man_171337-5055.jpg
165,Dr. Rajesh Reddy,Oncologist,KIMS Hospital,Visakhapatnam,5.0,https://img.freepik.com/free-photo/portrait-smiling-handsome-male-doctor-man_171337-5055.jpg
166,Dr. Anita Reddy,Internal Medicine,MIOT Hospital,Chennai,4.8,https://img.freepik.com/free-photo/pleased-young-female-doctor-wearing-medical-robe-stethoscope-around-neck-standing-with-closed-posture_409827-254.jpg
167,Dr. Anand George,Pulmonologist,Aster Medcity Hospital,Kochi,4.8,https://img.freepik.com/free-photo/portrait-smiling-handsome-male-doctor-man_171337-5055.jpg
168,Dr. Vijay Nair,Oncologist,Fortis Hospital,Coimbatore,4.5,https://img.freepik.com/free-photo/portrait-smiling-handsome-male-doctor-man_171337-5055.jpg
169,Dr. Rajesh George,Internal Medicine,Manipal Hospital,Chennai,4.6,https://img.freepik.com/free-photo/portrait-smiling-handsome-male-doctor-man_171337-5055.jpg
170,Dr. Meera Reddy,Thoracic Surgeon,Apollo Hospital,Chennai,4.8,https://img.freepik.com/free-photo/pleased-young-female-doctor-wearing-medical-robe-stethoscope-around-neck-standing-with-closed-posture_409827-254.jpg
171,Dr. Karthik Nair,General Physician,KIMS Hospital,Hyderabad,4.6,https://img.freepik.com/free-photo/portrait-smiling-handsome-male-doctor-man_171337-5055.jpg
172,Dr. Divya Kumar,Thoracic Surgeon,Narayana Hrudayalaya Hospital,Trivandrum,4.9,https://img.freepik.com/free-photo/pleased-young-female-doctor-wearing-medical-robe-stethoscope-around-neck-standing-with-closed-posture_409827-254.jpg
173,Dr. Anita Nair,Pulmonologist,Aster Medcity Hospital,Hyderabad,4.6,https://img.freepik.com/free-photo/pleased-young-female-doctor-wearing-medical-robe-stethoscope-around-neck-standing-with-closed-posture_409827-254.jpg
174,Dr. Rajesh Iyer,General Physician,Aster Medcity Hospital,Visakhapatnam,5.0,https://img.freepik.com/free-photo/portrait-smiling-handsome-male-doctor-man_171337-5055.jpg
175,Dr. Priya Iyer,General Physician,CMC Vellore Hospital,Kochi,4.5,https://img.freepik.com/free-photo/pleased-young-female-doctor-wearing-medical-robe-stethoscope-around-neck-standing-with-closed-posture_409827-254.jpg
176,Dr. Rajesh Reddy,Pulmonologist,Fortis Hospital,Chennai,4.5,https://img.freepik.com/free-photo/portrait-smiling-handsome-male-doctor-man_171337-5055.jpg
177,Dr. Divya Iyer,Pulmonologist,Fortis Hospital,Coimbatore,4.5,https://img.freepik.com/free-photo/pleased-young-female-doctor-wearing-medical-robe-stethoscope-around-neck-standing-with-closed-posture_409827-254.jpg
178,Dr. Vijay Iyer,Thoracic Surgeon,CMC Vellore Hospital,Coimbatore,4.9,https://img.freepik.com/free-photo/portrait-smiling-handsome-male-doctor-man_171337-5055.jpg
179,Dr. Priya Reddy,Oncologist,Manipal Hospital,Coimbatore,4.4,https://img.freepik.com/free-photo/pleased-young-female-doctor-wearing-medical-robe-stethoscope-around-neck-standing-with-closed-posture_409827-254.jpg
180,Dr. Divya Menon,Pulmonologist,CMC Vellore Hospital,Madurai,4.5,https://img.freepik.com/free-photo/pleased-young-female-doctor-wearing-medical-robe-stethoscope-around-neck-standing-with-closed-posture_409827-254.jpg
181,Dr. Vijay Krishnan,Pulmonologist,KIMS Hospital,Coimbatore,4.7,https://img.freepik.com/free-photo/portrait-smiling-handsome-male-doctor-man_171337-5055.jpg
182,Dr. Anita Nair,Thoracic Surgeon,Manipal Hospital,Madurai,5.0,https://img.freepik.com/free-photo/pleased-young-female-doctor-wearing-medical-robe-stethoscope-around-neck-standing-with-closed-posture_409827-254.jpg
183,Dr. Rajesh Nair,Thoracic Surgeon,CMC Vellore Hospital,Hyderabad,4.5,https://img.freepik.com/free-photo/portrait-smiling-handsome-male-doctor-man_171337-5055.jpg
184,Dr. Arun Rao,Thoracic Surgeon,Narayana Hrudayalaya Hospital,Kochi,4.2,https://img.freepik.com/free-photo/portrait-smiling-handsome-male-doctor-man_171337-5055.jpg
185,Dr. Vijay George,Oncologist,KIMS Hospital,Trivandrum,4.8,https://img.freepik.com/free-photo/portrait-smiling-handsome-male-doctor-man_171337-5055.jpg
186,Dr. Divya Rao,Internal Medicine,Manipal Hospital,Chennai,4.2,https://img.freepik.com/free-photo/pleased-young-female-doctor-wearing-medical-robe-stethoscope-around-neck-standing-with-closed-posture_409827-254.jpg
187,Dr. Meera Patil,General Physician,KIMS Hospital,Coimbatore,4.5,https://img.freepik.com/free-photo/pleased-young-female-doctor-wearing-medical-robe-stethoscope-around-neck-standing-with-closed-posture_409827-254.jpg
188,Dr. Meera George,General Physician,Narayana Hrudayalaya Hospital,Madurai,4.9,https://img.freepik.com/free-photo/pleased-young-female-doctor-wearing-medical-robe-stethoscope-around-neck-standing-with-closed-posture_409827-254.jpg
189,Dr. Meera Nair,Oncologist,Aster Medcity Hospital,Trivandrum,4.7,https://img.freepik.com/free-photo/pleased-young-female-doctor-wearing-medical-robe-stethoscope-around-neck-standing-with-closed-posture_409827-254.jpg
190,Dr. Divya Krishnan,Thoracic Surgeon,Yashoda Hospital,Trivandrum,4.5,https://img.freepik.com/free-photo/pleased-young-female-doctor-wearing-medical-robe-stethoscope-around-neck-standing-with-closed-posture_409827-254.jpg
191,Dr. Divya Reddy,Pulmonologist,Yashoda Hospital,Hyderabad,4.7,https://img.freepik.com/free-photo/pleased-young-female-doctor-wearing-medical-robe-stethoscope-around-neck-standing-with-closed-posture_409827-254.jpg
192,Dr. Rajesh Nair,General Physician,Fortis Hospital,Hyderabad,4.3,https://img.freepik.com/free-photo/portrait-smiling-handsome-male-doctor-man_171337-5055.jpg
193,Dr. Divya Patil,Thoracic Surgeon,Yashoda Hospital,Kochi,4.4,https://img.freepik.com/free-photo/pleased-young-female-doctor-wearing-medical-robe-stethoscope-around-neck-standing-with-closed-posture_409827-254.jpg
194,Dr. Swathi Nair,Internal Medicine,Fortis Hospital,Bangalore,4.5,https://img.freepik.com/free-photo/pleased-young-female-doctor-wearing-medical-robe-stethoscope-around-neck-standing-with-closed-posture_409827-254.jpg
195,Dr. Rajesh Menon,Pulmonologist,Manipal Hospital,Chennai,4.2,https://img.freepik.com/free-photo/portrait-smiling-handsome-male-doctor-man_171337-5055.jpg
196,Dr. Anand Swamy,Pulmonologist,MIOT Hospital,Kochi,4.9,https://img.freepik.com/free-photo/portrait-smiling-handsome-male-doctor-man_171337-5055.jpg
197,Dr. Rajesh Rao,Internal Medicine,Yashoda Hospital,Trivandrum,4.5,https://img.freepik.com/free-photo/portrait-smiling-handsome-male-doctor-man_171337-5055.jpg
198,Dr. Priya Kumar,General Physician,Aster Medcity Hospital,Madurai,4.7,https://img.freepik.com/free-photo/pleased-young-female-doctor-wearing-medical-robe-stethoscope-around-neck-standing-with-closed-posture_409827-254.jpg
199,Dr. Vijay Kumar,General Physician,MIOT Hospital,Kochi,4.9,https://img.freepik.com/free-photo/portrait-smiling-handsome-male-doctor-man_171337-5055.jpg
200,Dr. Anand Krishnan,Internal Medicine,Aster Medcity Hospital,Coimbatore,4.3,https://img.freepik.com/free-photo/portrait-smiling-handsome-male-doctor-man_171337-5055.jpg
201,Dr. Priya Iyer,Internal Medicine,Yashoda Hospital,Chennai,4.3,https://img.freepik.com/free-photo/pleased-young-female-doctor-wearing-medical-robe-stethoscope-around-neck-standing-with-closed-posture_409827-254.jpg
202,Dr. Karthik Swamy,Internal Medicine,MIOT Hospital,Trivandrum,4.9,https://img.freepik.com/free-photo/portrait-smiling-handsome-male-doctor-man_171337-5055.jpg
203,Dr. Anita Reddy,Internal Medicine,Narayana Hrudayalaya Hospital,Visakhapatnam,4.6,https://img.freepik.com/free-photo/pleased-young-female-doctor-wearing-medical-robe-stethoscope-around-neck-standing-with-closed-posture_409827-254.jpg
204,Dr. Swathi Patil,Internal Medicine,Fortis Hospital,Coimbatore,4.4,https://img.freepik.com/free-photo/pleased-young-female-doctor-wearing-medical-robe-stethoscope-around-neck-standing-with-closed-posture_409827-254.jpg
205,Dr. Divya George,Pulmonologist,Narayana Hrudayalaya Hospital,Coimbatore,4.2,https://img.freepik.com/free-photo/pleased-young-female-doctor-wearing-medical-robe-stethoscope-around-neck-standing-with-closed-posture_409827-254.jpg
206,Dr. Divya Rao,Pulmonologist,Apollo Hospital,Visakhapatnam,4.4,https://img.freepik.com/free-photo/pleased-young-female-doctor-wearing-medical-robe-stethoscope-around-neck-standing-with-closed-posture_409827-254.jpg
207,Dr. Meera Menon,General Physician,KIMS Hospital,Coimbatore,4.8,https://img.freepik.com/free-photo/pleased-young-female-doctor-wearing-medical-robe-stethoscope-around-neck-standing-with-closed-posture_409827-254.jpg
208,Dr. Swathi Menon,Pulmonologist,Yashoda Hospital,Madurai,4.7,https://img.freepik.com/free-photo/pleased-young-female-doctor-wearing-medical-robe-stethoscope-around-neck-standing-with-closed-posture_409827-254.jpg
209,Dr. Rajesh Krishnan,Thoracic Surgeon,Aster Medcity Hospital,Madurai,4.9,https://img.freepik.com/free-photo/portrait-smiling-handsome-male-doctor-man_171337-5055.jpg
210,Dr. Rajesh George,Oncologist,KIMS Hospital,Madurai,4.3,https://img.freepik.com/free-photo/portrait-smiling-handsome-male-doctor-man_171337-5055.jpg
211,Dr. Swathi Rao,Thoracic Surgeon,KIMS Hospital,Visakhapatnam,4.7,https://img.freepik.com/free-photo/pleased-young-female-doctor-wearing-medical-robe-stethoscope-around-neck-standing-with-closed-posture_409827-254.jpg
212,Dr. Rajesh Patil,General Physician,Manipal Hospital,Kochi,4.3,https://img.freepik.com/free-photo/portrait-smiling-handsome-male-doctor-man_171337-5055.jpg
213,Dr. Karthik Swamy,Pulmonologist,Manipal Hospital,Hyderabad,4.4,https://img.freepik.com/free-photo/portrait-smiling-handsome-male-doctor-man_171337-5055.jpg
214,Dr. Anita Swamy,Pulmonologist,KIMS Hospital,Kochi,4.2,https://img.freepik.com/free-photo/pleased-young-female-doctor-wearing-medical-robe-stethoscope-around-neck-standing-with-closed-posture_409827-254.jpg
215,Dr. Arun Nair,Thoracic Surgeon,Yashoda Hospital,Kochi,4.9,https://img.freepik.com/free-photo/portrait-smiling-handsome-male-doctor-man_171337-5055.jpg
216,Dr. Anand Menon,Thoracic Surgeon,Yashoda Hospital,Hyderabad,4.7,https://img.freepik.com/free-photo/portrait-smiling-handsome-male-doctor-man_171337-5055.jpg
217,Dr. Anand Reddy,Internal Medicine,KIMS Hospital,Chennai,4.9,https://img.freepik.com/free-photo/portrait-smiling-handsome-male-doctor-man_171337-5055.jpg
218,Dr. Anita Reddy,Pulmonologist,Manipal Hospital,Hyderabad,4.7,https://img.freepik.com/free-photo/pleased-young-female-doctor-wearing-medical-robe-stethoscope-around-neck-standing-with-closed-posture_409827-254.jpg
219,Dr. Priya Menon,Internal Medicine,CMC Vellore Hospital,Kochi,4.9,https://img.freepik.com/free-photo/pleased-young-female-doctor-wearing-medical-robe-stethoscope-around-neck-standing-with-closed-posture_409827-254.jpg
220,Dr. Arun Rao,Internal Medicine,KIMS Hospital,Hyderabad,4.4,https://img.freepik.com/free-photo/portrait-smiling-handsome-male-doctor-man_171337-5055.jpg
221,Dr. Anand Menon,Internal Medicine,Narayana Hrudayalaya Hospital,Bangalore,5.0,https://img.freepik.com/free-photo/portrait-smiling-handsome-male-doctor-man_171337-5055.jpg
222,Dr. Vijay George,General Physician,Yashoda Hospital,Chennai,4.4,https://img.freepik.com/free-photo/portrait-smiling-handsome-male-doctor-man_171337-5055.jpg
223,Dr. Rajesh Swamy,Internal Medicine,Manipal Hospital,Coimbatore,4.4,https://img.freepik.com/free-photo/portrait-smiling-handsome-male-doctor-man_171337-5055.jpg
224,Dr. Meera Patil,Oncologist,Narayana Hrudayalaya Hospital,Bangalore,4.2,https://img.freepik.com/free-photo/pleased-young-female-doctor-wearing-medical-robe-stethoscope-around-neck-standing-with-closed-posture_409827-254.jpg
225,Dr. Rajesh Swamy,Pulmonologist,Narayana Hrudayalaya Hospital,Madurai,5.0,https://img.freepik.com/free-photo/portrait-smiling-handsome-male-doctor-man_171337-5055.jpg
226,Dr. Vijay Menon,Thoracic Surgeon,Manipal Hospital,Visakhapatnam,4.4,https://img.freepik.com/free-photo/portrait-smiling-handsome-male-doctor-man_171337-5055.jpg
227,Dr. Arun Menon,Thoracic Surgeon,Fortis Hospital,Coimbatore,4.8,https://img.freepik.com/free-photo/portrait-smiling-handsome-male-doctor-man_171337-5055.jpg
228,Dr. Divya Rao,General Physician,Yashoda Hospital,Hyderabad,4.8,https://img.freepik.com/free-photo/pleased-young-female-doctor-wearing-medical-robe-stethoscope-around-neck-standing-with-closed-posture_409827-254.jpg
229,Dr. Vijay George,Pulmonologist,MIOT Hospital,Madurai,4.4,https://img.freepik.com/free-photo/portrait-smiling-handsome-male-doctor-man_171337-5055.jpg
230,Dr. Anand Rao,Oncologist,Aster Medcity Hospital,Trivandrum,4.6,https://img.freepik.com/free-photo/portrait-smiling-handsome-male-doctor-man_171337-5055.jpg
231,Dr. Karthik Kumar,Oncologist,Narayana Hrudayalaya Hospital,Kochi,4.7,https://img.freepik.com/free-photo/portrait-smiling-handsome-male-doctor-man_171337-5055.jpg
232,Dr. Karthik Kumar,Internal Medicine,Fortis Hospital,Trivandrum,4.3,https://img.freepik.com/free-photo/portrait-smiling-handsome-male-doctor-man_171337-5055.jpg
233,Dr. Vijay Swamy,Thoracic Surgeon,CMC Vellore Hospital,Trivandrum,4.8,https://img.freepik.com/free-photo/portrait-smiling-handsome-male-doctor-man_171337-5055.jpg
234,Dr. Meera Reddy,Internal Medicine,CMC Vellore Hospital,Visakhapatnam,4.2,https://img.freepik.com/free-photo/pleased-young-female-doctor-wearing-medical-robe-stethoscope-around-neck-standing-with-closed-posture_409827-254.jpg
235,Dr. Swathi Patil,Oncologist,MIOT Hospital,Kochi,4.9,https://img.freepik.com/free-photo/pleased-young-female-doctor-wearing-medical-robe-stethoscope-around-neck-standing-with-closed-posture_409827-254.jpg
236,Dr. Vijay Nair,Thoracic Surgeon,Aster Medcity Hospital,Coimbatore,4.8,https://img.freepik.com/free-photo/portrait-smiling-handsome-male-doctor-man_171337-5055.jpg
237,Dr. Swathi Rao,General Physician,Narayana Hrudayalaya Hospital,Madurai,4.3,https://img.freepik.com/free-photo/pleased-young-female-doctor-wearing-medical-robe-stethoscope-around-neck-standing-with-closed-posture_409827-254.jpg
238,Dr. Divya Menon,General Physician,Narayana Hrudayalaya Hospital,Visakhapatnam,4.6,https://img.freepik.com/free-photo/pleased-young-female-doctor-wearing-medical-robe-stethoscope-around-neck-standing-with-closed-posture_409827-254.jpg
239,Dr. Swathi Nair,Pulmonologist,Manipal Hospital,Coimbatore,4.9,https://img.freepik.com/free-photo/pleased-young-female-doctor-wearing-medical-robe-stethoscope-around-neck-standing-with-closed-posture_409827-254.jpg
240,Dr. Divya Patil,Pulmonologist,Apollo Hospital,Madurai,4.8,https://img.freepik.com/free-photo/pleased-young-female-doctor-wearing-medical-robe-stethoscope-around-neck-standing-with-closed-posture_409827-254.jpg
241,Dr. Divya Reddy,Thoracic Surgeon,CMC Vellore Hospital,Madurai,4.8,https://img.freepik.com/free-photo/pleased-young-female-doctor-wearing-medical-robe-stethoscope-around-neck-standing-with-closed-posture_409827-254.jpg
242,Dr. Rajesh Iyer,Thoracic Surgeon,MIOT Hospital,Bangalore,4.4,https://img.freepik.com/free-photo/portrait-smiling-handsome-male-doctor-man_171337-5055.jpg
243,Dr. Rajesh Menon,Thoracic Surgeon,Apollo Hospital,Visakhapatnam,4.7,https://img.freepik.com/free-photo/portrait-smiling-handsome-male-doctor-man_171337-5055.jpg
244,Dr. Arun Rao,Thoracic Surgeon,Yashoda Hospital,Bangalore,4.2,https://img.freepik.com/free-photo/portrait-smiling-handsome-male-doctor-man_171337-5055.jpg
245,Dr. Meera Krishnan,Pulmonologist,Apollo Hospital,Coimbatore,4.6,https://img.freepik.com/free-photo/pleased-young-female-doctor-wearing-medical-robe-stethoscope-around-neck-standing-with-closed-posture_409827-254.jpg
246,Dr. Vijay Iyer,Internal Medicine,Narayana Hrudayalaya Hospital,Hyderabad,4.9,https://img.freepik.com/free-photo/portrait-smiling-handsome-male-doctor-man_171337-5055.jpg
247,Dr. Priya Reddy,Oncologist,KIMS Hospital,Kochi,4.8,https://img.freepik.com/free-photo/pleased-young-female-doctor-wearing-medical-robe-stethoscope-around-neck-standing-with-closed-posture_409827-254.jpg
248,Dr. Meera Iyer,Pulmonologist,MIOT Hospital,Coimbatore,4.2,https://img.freepik.com/free-photo/pleased-young-female-doctor-wearing-medical-robe-stethoscope-around-neck-standing-with-closed-posture_409827-254.jpg
249,Dr. Vijay Swamy,General Physician,Manipal Hospital,Trivandrum,4.4,https://img.freepik.com/free-photo/portrait-smiling-handsome-male-doctor-man_171337-5055.jpg
250,Dr. Vijay George,Pulmonologist,CMC Vellore Hospital,Bangalore,5.0,https://img.freepik.com/free-photo/portrait-smiling-handsome-male-doctor-man_171337-5055.jpg
