Timestamp,Transaction ID,Payment Status,Patient Name,Age,Diagnosis,Confidence,Doctor Name,Hospital,Appt Date,Appt Time,Fee Paid,Card Number,Expiry,CVV
2026-01-25 21:15:37,TXN-12076,Payment Successful,Antony,22,Medium,53.01%,Dr. Anita George,KIMS Hospital,2026-02-18,11:30 AM,₹500,2222 4444 5555 6666,N/A,N/A
2026-01-30 13:25:48,TXN-48317,Payment Successful,Antony Sojan,22,Medium,98.16%,Dr. Priya Kumar,CMC Vellore Hospital,2026-02-02,02:00 PM,₹500,2222 5555 444 444444,0252,555
2026-01-31 20:32:30,TXN-41520,Payment Successful,Antony Sojan,22,Low,74.75%,Dr. Anita Rao,Fortis Hospital,2026-02-02,02:00 PM,₹500,2222 444 555 6666,02/28,252
2026-02-01 14:43:53,TXN-13626,Payment Successful,shivani,22,Low,99.73%,Dr. Anita George,KIMS Hospital,2026-02-02,09:00 AM,₹500,2222222255555,2012,222
2026-02-01 19:58:49,TXN-56993,Payment Successful,tttt,45,Low,99.94%,Dr. Rajesh Kumar,CMC Vellore Hospital,2026-02-02,09:00 AM,₹500,,,
2026-02-01 19:59:29,TXN-63275,Payment Successful,tttt,45,Low,99.94%,Dr. Rajesh Kumar,CMC Vellore Hospital,2026-02-02,09:00 AM,₹500,,,
2026-02-01 20:03:12,TXN-49813,Payment Successful,tttt,45,Low,99.94%,Dr. Rajesh Kumar,CMC Vellore Hospital,2026-02-02,09:00 AM,₹500,,,
2026-02-01 20:06:28,TXN-97725,Payment Successful,tttt,45,Low,99.94%,Dr. Rajesh Kumar,CMC Vellore Hospital,2026-02-02,09:00 AM,₹500,,,
2026-02-01 20:09:09,TXN-59478,Payment Successful,tttt,45,Low,99.94%,Dr. Rajesh Kumar,CMC Vellore Hospital,2026-02-02,09:00 AM,₹500,,,
2026-02-01 20:10:47,TXN-94280,Payment Successful,tttt,45,Low,99.94%,Dr. Rajesh Kumar,CMC Vellore Hospital,2026-02-02,09:00 AM,₹500,,,
2026-02-01 21:32:38,TXN-97385,Payment Successful,Antony,22,Low,97.32%,Dr. Anita Rao,Fortis Hospital,2026-02-02,02:00 PM,₹500,,,
2026-02-01 21:32:54,TXN-49845,Payment Successful,Antony,22,Low,97.32%,Dr. Anita Rao,Fortis Hospital,2026-02-02,02:00 PM,₹500,,,
2026-02-03 10:59:46,TXN-27547,Payment Successful,Antony,30,Medium,95.75%,Dr. Vijay Menon,MIOT Hospital,2026-03-03,11:30 AM,₹500,,,
2026-02-04 14:20:25,TXN-11893,Payment Successful,Antony,45,Low,99.99%,Dr. Divya Patil,Apollo Hospital,2026-02-26,02:00 PM,₹500,,,

2026-02-05 20:54:50,TXN-28131,Payment Successful,yyyy,Low,99.99%,Dr. Anand Nair,Internal Medicine,2/21/2026,3:00 PM,₹500.00,qr
2026-02-05 21:15:22,TXN-89846,Payment Successful,Sojan Paul,Low,99.99%,Dr. Anita Rao,Internal Medicine,2/10/2026,2:00 PM,₹500.00,qr
2026-02-05 22:41:27,TXN-82210,Payment Successful,tttt,Low,99.99%,Dr. Divya Reddy,General Physician,2/21/2026,3:00 PM,₹500.00,qr
2026-02-05 22:49:24,TXN-24668,Payment Successful,yyyy,Low,99.99%,Dr. Anita Rao,Internal Medicine,2/12/2026,11:00 AM,₹500.00,qr
2026-02-05 22:57:54,TXN-74067,Payment Successful,yyyy,Low,99.99%,Dr. Anand Nair,Internal Medicine,2/19/2026,3:00 PM,₹500.00,qr
2026-02-05 23:00:52,TXN-51897,Payment Successful,yyyy,Low,99.99%,Dr. Divya Reddy,General Physician,2/20/2026,3:00 PM,₹500.00,qr
2026-02-05 23:17:55,TXN-86634,Payment Successful,yyyy,Low,99.99%,Dr. Anand Nair,Internal Medicine,2/21/2026,3:00 PM,₹500.00,qr
2026-02-05 23:18:19,TXN-34888,Payment Successful,yyyy,Low,99.99%,Dr. Vijay Iyer,Internal Medicine,2/28/2026,4:00 PM,₹500.00,qr
2026-02-05 23:21:39,TXN-92451,Payment Successful,ttttt,Low,99.99%,Dr. Anita Rao,Internal Medicine,2/28/2026,4:00 PM,₹500.00,qr
